{
  "mean_image_auroc": 0.9708,
  "mean_pixel_auroc": 0.9803,
  "mean_f1": 0.7263,
  "categories": {
    "bottle": {
      "category": "bottle",
      "n_train": 209,
      "n_test": 83,
      "image_auroc": 0.9997920565606155,
      "image_f1": 0.9921259842519685,
      "precision": 0.984375,
      "recall": 1.0,
      "pixel_auroc": 0.9955139964303059,
      "threshold": 0.30688441552482826,
      "tp": 63,
      "tn": 228,
      "fp": 1,
      "fn": 0,
      "defect_breakdown": {
        "broken_large": {
          "auroc": 1.0,
          "f1": 1.0
        },
        "broken_small": {
          "auroc": 1.0,
          "f1": 1.0
        },
        "contamination": {
          "auroc": 0.9993761696818465,
          "f1": 0.9767441860465117
        }
      },
      "elapsed_s": 19.5
    },
    "cable": {
      "category": "cable",
      "n_train": 224,
      "n_test": 150,
      "image_auroc": 0.9939870490286772,
      "image_f1": 0.847926267281106,
      "precision": 0.736,
      "recall": 1.0,
      "pixel_auroc": 0.9832573367433417,
      "threshold": 0.2304841506709045,
      "tp": 92,
      "tn": 249,
      "fp": 33,
      "fn": 0,
      "defect_breakdown": {
        "bent_wire": {
          "auroc": 1.0,
          "f1": 1.0
        },
        "cable_swap": {
          "auroc": 0.988179669030733,
          "f1": 0.5106382978723404
        },
        "combined": {
          "auroc": 1.0,
          "f1": 1.0
        },
        "cut_inner_insulation": {
          "auroc": 0.9997467071935158,
          "f1": 0.9655172413793104
        },
        "cut_outer_insulation": {
          "auroc": 0.9918439716312056,
          "f1": 0.6060606060606061
        },
        "missing_cable": {
          "auroc": 1.0,
          "f1": 1.0
        },
        "missing_wire": {
          "auroc": 0.998936170212766,
          "f1": 0.8695652173913044
        },
        "poke_insulation": {
          "auroc": 0.9684397163120567,
          "f1": 0.37735849056603776
        }
      },
      "elapsed_s": 34.0
    },
    "capsule": {
      "category": "capsule",
      "n_train": 219,
      "n_test": 132,
      "image_auroc": 0.9062855409811206,
      "image_f1": 0.6546546546546547,
      "precision": 0.48660714285714285,
      "recall": 1.0,
      "pixel_auroc": 0.9919236521192425,
      "threshold": 0.14999300810064933,
      "tp": 109,
      "tn": 127,
      "fp": 115,
      "fn": 0,
      "defect_breakdown": {
        "crack": {
          "auroc": 0.9159180740208408,
          "f1": 0.2967741935483871
        },
        "faulty_imprint": {
          "auroc": 0.8384673178061607,
          "f1": 0.27672955974842767
        },
        "poke": {
          "auroc": 0.9136166863439591,
          "f1": 0.375
        },
        "scratch": {
          "auroc": 0.8765720445562343,
          "f1": 0.3194444444444444
        },
        "squeeze": {
          "auroc": 0.9962809917355372,
          "f1": 0.9302325581395349
        }
      },
      "elapsed_s": 31.8
    },
    "carpet": {
      "category": "carpet",
      "n_train": 280,
      "n_test": 117,
      "image_auroc": 0.9967897271268057,
      "image_f1": 0.81651376146789,
      "precision": 0.689922480620155,
      "recall": 1.0,
      "pixel_auroc": 0.9969521620165234,
      "threshold": 0.1441726447213729,
      "tp": 89,
      "tn": 268,
      "fp": 40,
      "fn": 0,
      "defect_breakdown": {
        "color": {
          "auroc": 1.0,
          "f1": 1.0
        },
        "cut": {
          "auroc": 1.0,
          "f1": 1.0
        },
        "hole": {
          "auroc": 0.9998090145148968,
          "f1": 0.9714285714285714
        },
        "metal_contamination": {
          "auroc": 0.9872039724980901,
          "f1": 0.45945945945945943
        },
        "thread": {
          "auroc": 0.9965823650034177,
          "f1": 0.8444444444444443
        }
      },
      "elapsed_s": 38.0
    },
    "grid": {
      "category": "grid",
      "n_train": 264,
      "n_test": 78,
      "image_auroc": 0.8972606955986459,
      "image_f1": 0.4578313253012048,
      "precision": 0.296875,
      "recall": 1.0,
      "pixel_auroc": 0.94708443731301,
      "threshold": 0.34513034998422826,
      "tp": 57,
      "tn": 150,
      "fp": 135,
      "fn": 0,
      "defect_breakdown": {
        "bent": {
          "auroc": 0.8777777777777778,
          "f1": 0.15483870967741936
        },
        "broken": {
          "auroc": 0.8988304093567252,
          "f1": 0.17647058823529413
        },
        "glue": {
          "auroc": 0.8516746411483254,
          "f1": 0.1692307692307692
        },
        "metal_contamination": {
          "auroc": 0.9161084529505583,
          "f1": 0.14012738853503182
        },
        "thread": {
          "auroc": 0.9435406698564593,
          "f1": 0.15602836879432627
        }
      },
      "elapsed_s": 23.5
    },
    "hazelnut": {
      "category": "hazelnut",
      "n_train": 391,
      "n_test": 110,
      "image_auroc": 1.0,
      "image_f1": 1.0,
      "precision": 1.0,
      "recall": 1.0,
      "pixel_auroc": 0.996022595482278,
      "threshold": 0.35022204304642807,
      "tp": 70,
      "tn": 431,
      "fp": 0,
      "fn": 0,
      "defect_breakdown": {
        "crack": {
          "auroc": 1.0,
          "f1": 1.0
        },
        "cut": {
          "auroc": 1.0,
          "f1": 1.0
        },
        "hole": {
          "auroc": 1.0,
          "f1": 1.0
        },
        "print": {
          "auroc": 1.0,
          "f1": 1.0
        }
      },
      "elapsed_s": 52.5
    },
    "leather": {
      "category": "leather",
      "n_train": 245,
      "n_test": 124,
      "image_auroc": 0.999960759692356,
      "image_f1": 0.9945945945945946,
      "precision": 0.989247311827957,
      "recall": 1.0,
      "pixel_auroc": 0.9973888274501684,
      "threshold": 0.19527273156431235,
      "tp": 92,
      "tn": 276,
      "fp": 1,
      "fn": 0,
      "defect_breakdown": {
        "color": {
          "auroc": 0.999809994299829,
          "f1": 0.9743589743589743
        },
        "cut": {
          "auroc": 1.0,
          "f1": 1.0
        },
        "fold": {
          "auroc": 1.0,
          "f1": 1.0
        },
        "glue": {
          "auroc": 1.0,
          "f1": 1.0
        },
        "poke": {
          "auroc": 1.0,
          "f1": 1.0
        }
      },
      "elapsed_s": 31.2
    },
    "metal_nut": {
      "category": "metal_nut",
      "n_train": 220,
      "n_test": 115,
      "image_auroc": 0.9951568470630054,
      "image_f1": 0.7982832618025751,
      "precision": 0.6642857142857143,
      "recall": 1.0,
      "pixel_auroc": 0.9823151258128119,
      "threshold": 0.23965291889249324,
      "tp": 93,
      "tn": 195,
      "fp": 47,
      "fn": 0,
      "defect_breakdown": {
        "bent": {
          "auroc": 0.9978512396694215,
          "f1": 0.8474576271186441
        },
        "color": {
          "auroc": 0.996619083395943,
          "f1": 0.7213114754098361
        },
        "flip": {
          "auroc": 1.0,
          "f1": 1.0
        },
        "scratch": {
          "auroc": 0.9859863456701401,
          "f1": 0.4946236559139785
        }
      },
      "elapsed_s": 20.7
    },
    "pill": {
      "category": "pill",
      "n_train": 267,
      "n_test": 167,
      "image_auroc": 0.9536707573887153,
      "image_f1": 0.597457627118644,
      "precision": 0.4259818731117825,
      "recall": 1.0,
      "pixel_auroc": 0.9627541203553482,
      "threshold": 0.20454440537069227,
      "tp": 141,
      "tn": 103,
      "fp": 190,
      "fn": 0,
      "defect_breakdown": {
        "color": {
          "auroc": 0.9362457337883959,
          "f1": 0.20833333333333334
        },
        "combined": {
          "auroc": 0.9943786388275446,
          "f1": 0.7083333333333333
        },
        "contamination": {
          "auroc": 0.984397854705022,
          "f1": 0.4666666666666667
        },
        "crack": {
          "auroc": 0.8834339721711736,